Category,Sales,Profit,ProfitMargin
Technology,836154.033,145454.9481,0.17395712076891937
Furniture,741999.7953,18451.2728,0.024866951334588865
Office Supplies,719047.032,122490.8008,0.1703515839002865
