Region,Sales,Profit,ProfitMargin
West,725457.8245,108418.4489,0.14944831420727203
East,678781.24,91522.78,0.13483398568882074
Central,501239.8908,39706.3625,0.07921628591177565
South,391721.905,46749.4303,0.11934341609004478
